{
  "default": {},
  "additionalProperties": false,
  "type": "object",
  "properties": {
    "namespace": {
      "type": "string"
    },
    "serviceGroup": {
      "type": "string"
    },
    "serviceEnv": {
      "type": "string"
    },
    "workloads": {
      "default": {},
      "additionalProperties": false,
      "type": "object",
      "properties": {
        "deployments": {
          "default": {},
          "additionalProperties": false,
          "type": "object",
          "properties": {
            "matchmaking": {
              "default": {},
              "additionalProperties": false,
              "type": "object",
              "properties": {
                "kind": {
                  "default": "deployment",
                  "const": "deployment",
                  "type": "string"
                },
                "metadata": {
                  "default": {},
                  "additionalProperties": false,
                  "type": "object",
                  "properties": {
                    "labels": {
                      "default": {},
                      "type": "object",
                      "patternProperties": {
                        "^(.*)$": {
                          "type": "string"
                        }
                      }
                    }
                  },
                  "required": [
                    "labels"
                  ]
                },
                "replicas": {
                  "minimum": 0,
                  "maximum": 999,
                  "default": 2,
                  "type": "number"
                },
                "automountServiceAccountToken": {
                  "default": true,
                  "type": "boolean"
                },
                "terminationGracePeriodSeconds": {
                  "minimum": 0,
                  "maximum": 9999,
                  "default": 30,
                  "type": "number"
                },
                "initContainers": {
                  "default": {},
                  "additionalProperties": false,
                  "type": "object",
                  "properties": {}
                },
                "nativeSidecarContainers": {
                  "default": {},
                  "additionalProperties": false,
                  "type": "object",
                  "properties": {}
                },
                "containers": {
                  "default": {},
                  "additionalProperties": false,
                  "type": "object",
                  "properties": {
                    "matchmaking": {
                      "default": {},
                      "additionalProperties": false,
                      "type": "object",
                      "properties": {
                        "kind": {
                          "default": "container",
                          "const": "container",
                          "type": "string"
                        },
                        "image": {
                          "type": "string"
                        },
                        "imagePullPolicy": {
                          "default": "IfNotPresent",
                          "anyOf": [
                            {
                              "const": "Always",
                              "type": "string"
                            },
                            {
                              "const": "IfNotPresent",
                              "type": "string"
                            },
                            {
                              "const": "Never",
                              "type": "string"
                            }
                          ]
                        },
                        "resources": {
                          "default": {},
                          "additionalProperties": false,
                          "type": "object",
                          "properties": {
                            "cpu": {
                              "default": {},
                              "additionalProperties": false,
                              "type": "object",
                              "properties": {
                                "limitMilliCPU": {
                                  "minimum": 50,
                                  "default": 200,
                                  "type": "number"
                                },
                                "requestMilliCPU": {
                                  "minimum": 50,
                                  "default": 200,
                                  "type": "number"
                                }
                              },
                              "required": [
                                "limitMilliCPU",
                                "requestMilliCPU"
                              ]
                            },
                            "memory": {
                              "default": {},
                              "additionalProperties": false,
                              "type": "object",
                              "properties": {
                                "limitMiB": {
                                  "minimum": 32,
                                  "default": 200,
                                  "type": "number"
                                },
                                "requestMiB": {
                                  "minimum": 32,
                                  "default": 200,
                                  "type": "number"
                                }
                              },
                              "required": [
                                "limitMiB",
                                "requestMiB"
                              ]
                            }
                          },
                          "required": [
                            "cpu",
                            "memory"
                          ]
                        },
                        "readiness": {
                          "default": {},
                          "additionalProperties": false,
                          "type": "object",
                          "properties": {
                            "initialDelaySeconds": {
                              "minimum": 0,
                              "default": 0,
                              "type": "number"
                            },
                            "periodSeconds": {
                              "minimum": 1,
                              "default": 10,
                              "type": "number"
                            },
                            "timeoutSeconds": {
                              "minimum": 1,
                              "default": 1,
                              "type": "number"
                            },
                            "successThreshold": {
                              "minimum": 1,
                              "default": 1,
                              "type": "number"
                            },
                            "failureThreshold": {
                              "minimum": 1,
                              "default": 3,
                              "type": "number"
                            },
                            "probe": {
                              "default": {
                                "mergeAction": "overwrite"
                              },
                              "anyOf": [
                                {
                                  "default": {},
                                  "additionalProperties": false,
                                  "type": "object",
                                  "properties": {
                                    "kind": {
                                      "default": "command",
                                      "const": "command",
                                      "type": "string"
                                    },
                                    "command": {
                                      "type": "array",
                                      "items": {
                                        "type": "string"
                                      }
                                    },
                                    "mergeAction": {
                                      "default": "overwrite",
                                      "const": "overwrite",
                                      "type": "string"
                                    }
                                  },
                                  "required": [
                                    "kind",
                                    "command",
                                    "mergeAction"
                                  ]
                                },
                                {
                                  "default": {},
                                  "additionalProperties": false,
                                  "type": "object",
                                  "properties": {
                                    "kind": {
                                      "default": "http",
                                      "const": "http",
                                      "type": "string"
                                    },
                                    "httpPath": {
                                      "type": "string"
                                    },
                                    "port": {
                                      "minimum": 1,
                                      "maximum": 65535,
                                      "type": "number"
                                    },
                                    "mergeAction": {
                                      "default": "overwrite",
                                      "const": "overwrite",
                                      "type": "string"
                                    }
                                  },
                                  "required": [
                                    "kind",
                                    "httpPath",
                                    "port",
                                    "mergeAction"
                                  ]
                                },
                                {
                                  "default": {},
                                  "additionalProperties": false,
                                  "type": "object",
                                  "properties": {
                                    "kind": {
                                      "default": "httpWithHost",
                                      "const": "httpWithHost",
                                      "type": "string"
                                    },
                                    "httpPath": {
                                      "type": "string"
                                    },
                                    "port": {
                                      "minimum": 1,
                                      "maximum": 65535,
                                      "type": "number"
                                    },
                                    "host": {
                                      "type": "string"
                                    },
                                    "mergeAction": {
                                      "default": "overwrite",
                                      "const": "overwrite",
                                      "type": "string"
                                    }
                                  },
                                  "required": [
                                    "kind",
                                    "httpPath",
                                    "port",
                                    "host",
                                    "mergeAction"
                                  ]
                                },
                                {
                                  "default": {},
                                  "additionalProperties": false,
                                  "type": "object",
                                  "properties": {
                                    "kind": {
                                      "default": "tcp",
                                      "const": "tcp",
                                      "type": "string"
                                    },
                                    "port": {
                                      "minimum": 1,
                                      "maximum": 65535,
                                      "type": "number"
                                    },
                                    "mergeAction": {
                                      "default": "overwrite",
                                      "const": "overwrite",
                                      "type": "string"
                                    }
                                  },
                                  "required": [
                                    "kind",
                                    "port",
                                    "mergeAction"
                                  ]
                                }
                              ],
                              "discriminator": "kind"
                            }
                          },
                          "required": [
                            "initialDelaySeconds",
                            "periodSeconds",
                            "timeoutSeconds",
                            "successThreshold",
                            "failureThreshold",
                            "probe"
                          ]
                        },
                        "liveness": {
                          "default": {},
                          "additionalProperties": false,
                          "type": "object",
                          "properties": {
                            "initialDelaySeconds": {
                              "minimum": 0,
                              "default": 0,
                              "type": "number"
                            },
                            "periodSeconds": {
                              "minimum": 1,
                              "default": 10,
                              "type": "number"
                            },
                            "timeoutSeconds": {
                              "minimum": 1,
                              "default": 1,
                              "type": "number"
                            },
                            "successThreshold": {
                              "minimum": 1,
                              "default": 1,
                              "type": "number"
                            },
                            "failureThreshold": {
                              "minimum": 1,
                              "default": 3,
                              "type": "number"
                            },
                            "probe": {
                              "default": {
                                "mergeAction": "overwrite"
                              },
                              "anyOf": [
                                {
                                  "default": {},
                                  "additionalProperties": false,
                                  "type": "object",
                                  "properties": {
                                    "kind": {
                                      "default": "command",
                                      "const": "command",
                                      "type": "string"
                                    },
                                    "command": {
                                      "type": "array",
                                      "items": {
                                        "type": "string"
                                      }
                                    },
                                    "mergeAction": {
                                      "default": "overwrite",
                                      "const": "overwrite",
                                      "type": "string"
                                    }
                                  },
                                  "required": [
                                    "kind",
                                    "command",
                                    "mergeAction"
                                  ]
                                },
                                {
                                  "default": {},
                                  "additionalProperties": false,
                                  "type": "object",
                                  "properties": {
                                    "kind": {
                                      "default": "http",
                                      "const": "http",
                                      "type": "string"
                                    },
                                    "httpPath": {
                                      "type": "string"
                                    },
                                    "port": {
                                      "minimum": 1,
                                      "maximum": 65535,
                                      "type": "number"
                                    },
                                    "mergeAction": {
                                      "default": "overwrite",
                                      "const": "overwrite",
                                      "type": "string"
                                    }
                                  },
                                  "required": [
                                    "kind",
                                    "httpPath",
                                    "port",
                                    "mergeAction"
                                  ]
                                },
                                {
                                  "default": {},
                                  "additionalProperties": false,
                                  "type": "object",
                                  "properties": {
                                    "kind": {
                                      "default": "httpWithHost",
                                      "const": "httpWithHost",
                                      "type": "string"
                                    },
                                    "httpPath": {
                                      "type": "string"
                                    },
                                    "port": {
                                      "minimum": 1,
                                      "maximum": 65535,
                                      "type": "number"
                                    },
                                    "host": {
                                      "type": "string"
                                    },
                                    "mergeAction": {
                                      "default": "overwrite",
                                      "const": "overwrite",
                                      "type": "string"
                                    }
                                  },
                                  "required": [
                                    "kind",
                                    "httpPath",
                                    "port",
                                    "host",
                                    "mergeAction"
                                  ]
                                },
                                {
                                  "default": {},
                                  "additionalProperties": false,
                                  "type": "object",
                                  "properties": {
                                    "kind": {
                                      "default": "tcp",
                                      "const": "tcp",
                                      "type": "string"
                                    },
                                    "port": {
                                      "minimum": 1,
                                      "maximum": 65535,
                                      "type": "number"
                                    },
                                    "mergeAction": {
                                      "default": "overwrite",
                                      "const": "overwrite",
                                      "type": "string"
                                    }
                                  },
                                  "required": [
                                    "kind",
                                    "port",
                                    "mergeAction"
                                  ]
                                }
                              ],
                              "discriminator": "kind"
                            }
                          },
                          "required": [
                            "initialDelaySeconds",
                            "periodSeconds",
                            "timeoutSeconds",
                            "successThreshold",
                            "failureThreshold",
                            "probe"
                          ]
                        },
                        "startup": {
                          "default": {},
                          "additionalProperties": false,
                          "type": "object",
                          "properties": {
                            "initialDelaySeconds": {
                              "minimum": 0,
                              "default": 0,
                              "type": "number"
                            },
                            "periodSeconds": {
                              "minimum": 1,
                              "default": 10,
                              "type": "number"
                            },
                            "timeoutSeconds": {
                              "minimum": 1,
                              "default": 1,
                              "type": "number"
                            },
                            "successThreshold": {
                              "minimum": 1,
                              "default": 1,
                              "type": "number"
                            },
                            "failureThreshold": {
                              "minimum": 1,
                              "default": 3,
                              "type": "number"
                            },
                            "probe": {
                              "default": {
                                "mergeAction": "overwrite"
                              },
                              "anyOf": [
                                {
                                  "default": {},
                                  "additionalProperties": false,
                                  "type": "object",
                                  "properties": {
                                    "kind": {
                                      "default": "command",
                                      "const": "command",
                                      "type": "string"
                                    },
                                    "command": {
                                      "type": "array",
                                      "items": {
                                        "type": "string"
                                      }
                                    },
                                    "mergeAction": {
                                      "default": "overwrite",
                                      "const": "overwrite",
                                      "type": "string"
                                    }
                                  },
                                  "required": [
                                    "kind",
                                    "command",
                                    "mergeAction"
                                  ]
                                },
                                {
                                  "default": {},
                                  "additionalProperties": false,
                                  "type": "object",
                                  "properties": {
                                    "kind": {
                                      "default": "http",
                                      "const": "http",
                                      "type": "string"
                                    },
                                    "httpPath": {
                                      "type": "string"
                                    },
                                    "port": {
                                      "minimum": 1,
                                      "maximum": 65535,
                                      "type": "number"
                                    },
                                    "mergeAction": {
                                      "default": "overwrite",
                                      "const": "overwrite",
                                      "type": "string"
                                    }
                                  },
                                  "required": [
                                    "kind",
                                    "httpPath",
                                    "port",
                                    "mergeAction"
                                  ]
                                },
                                {
                                  "default": {},
                                  "additionalProperties": false,
                                  "type": "object",
                                  "properties": {
                                    "kind": {
                                      "default": "httpWithHost",
                                      "const": "httpWithHost",
                                      "type": "string"
                                    },
                                    "httpPath": {
                                      "type": "string"
                                    },
                                    "port": {
                                      "minimum": 1,
                                      "maximum": 65535,
                                      "type": "number"
                                    },
                                    "host": {
                                      "type": "string"
                                    },
                                    "mergeAction": {
                                      "default": "overwrite",
                                      "const": "overwrite",
                                      "type": "string"
                                    }
                                  },
                                  "required": [
                                    "kind",
                                    "httpPath",
                                    "port",
                                    "host",
                                    "mergeAction"
                                  ]
                                },
                                {
                                  "default": {},
                                  "additionalProperties": false,
                                  "type": "object",
                                  "properties": {
                                    "kind": {
                                      "default": "tcp",
                                      "const": "tcp",
                                      "type": "string"
                                    },
                                    "port": {
                                      "minimum": 1,
                                      "maximum": 65535,
                                      "type": "number"
                                    },
                                    "mergeAction": {
                                      "default": "overwrite",
                                      "const": "overwrite",
                                      "type": "string"
                                    }
                                  },
                                  "required": [
                                    "kind",
                                    "port",
                                    "mergeAction"
                                  ]
                                }
                              ],
                              "discriminator": "kind"
                            }
                          },
                          "required": [
                            "initialDelaySeconds",
                            "periodSeconds",
                            "timeoutSeconds",
                            "successThreshold",
                            "failureThreshold",
                            "probe"
                          ]
                        },
                        "ports": {
                          "default": {},
                          "additionalProperties": false,
                          "type": "object",
                          "properties": {
                            "http": {
                              "default": {},
                              "additionalProperties": false,
                              "type": "object",
                              "properties": {
                                "name": {
                                  "pattern": "^[a-z0-9]([-a-z0-9]*[a-z0-9])?$",
                                  "maxLength": 15,
                                  "type": "string"
                                },
                                "port": {
                                  "minimum": 1,
                                  "maximum": 65535,
                                  "type": "number"
                                },
                                "protocol": {
                                  "default": "TCP",
                                  "anyOf": [
                                    {
                                      "const": "TCP",
                                      "type": "string"
                                    },
                                    {
                                      "const": "UDP",
                                      "type": "string"
                                    }
                                  ]
                                }
                              },
                              "required": [
                                "name",
                                "port",
                                "protocol"
                              ]
                            }
                          },
                          "required": [
                            "http"
                          ]
                        },
                        "envs": {
                          "default": {},
                          "allOf": [
                            {
                              "default": {},
                              "additionalProperties": true,
                              "type": "object",
                              "properties": {
                                "GAME_NAME": {
                                  "type": "string"
                                }
                              },
                              "required": [
                                "GAME_NAME"
                              ]
                            },
                            {
                              "type": "object",
                              "patternProperties": {
                                "^(.*)$": {
                                  "anyOf": [
                                    {
                                      "type": "string"
                                    },
                                    {
                                      "type": "number"
                                    }
                                  ]
                                }
                              }
                            }
                          ]
                        },
                        "secretEnvs": {
                          "default": {},
                          "allOf": [
                            {
                              "default": {},
                              "additionalProperties": true,
                              "type": "object",
                              "properties": {}
                            },
                            {
                              "type": "object",
                              "patternProperties": {
                                "^(.*)$": {
                                  "default": {},
                                  "additionalProperties": false,
                                  "type": "object",
                                  "properties": {
                                    "key": {
                                      "type": "string"
                                    },
                                    "secretName": {
                                      "type": "string"
                                    }
                                  },
                                  "required": [
                                    "key",
                                    "secretName"
                                  ]
                                }
                              }
                            }
                          ]
                        }
                      },
                      "required": [
                        "kind",
                        "image",
                        "imagePullPolicy",
                        "resources",
                        "readiness",
                        "liveness",
                        "startup",
                        "ports",
                        "envs",
                        "secretEnvs"
                      ]
                    }
                  },
                  "required": [
                    "matchmaking"
                  ]
                },
                "secrets": {
                  "default": {},
                  "additionalProperties": false,
                  "type": "object",
                  "properties": {}
                },
                "strategy": {
                  "anyOf": [
                    {
                      "default": {},
                      "additionalProperties": false,
                      "type": "object",
                      "properties": {
                        "kind": {
                          "default": "rollingupdate",
                          "const": "rollingupdate",
                          "type": "string"
                        },
                        "rollingUpdate": {
                          "default": {
                            "maxSurge": "25%",
                            "maxUnavailable": "25%"
                          },
                          "additionalProperties": false,
                          "type": "object",
                          "properties": {
                            "maxSurge": {
                              "default": "25%",
                              "anyOf": [
                                {
                                  "minimum": 0,
                                  "type": "number"
                                },
                                {
                                  "pattern": "^[1-9][0-9]*%$",
                                  "type": "string"
                                }
                              ]
                            },
                            "maxUnavailable": {
                              "default": "25%",
                              "anyOf": [
                                {
                                  "minimum": 0,
                                  "type": "number"
                                },
                                {
                                  "pattern": "^[1-9][0-9]*%$",
                                  "type": "string"
                                }
                              ]
                            }
                          },
                          "required": [
                            "maxSurge",
                            "maxUnavailable"
                          ]
                        },
                        "mergeAction": {
                          "default": "overwrite",
                          "const": "overwrite",
                          "type": "string"
                        }
                      },
                      "required": [
                        "kind",
                        "rollingUpdate",
                        "mergeAction"
                      ]
                    },
                    {
                      "default": {},
                      "additionalProperties": false,
                      "type": "object",
                      "properties": {
                        "kind": {
                          "default": "recreate",
                          "const": "recreate",
                          "type": "string"
                        },
                        "mergeAction": {
                          "default": "overwrite",
                          "const": "overwrite",
                          "type": "string"
                        }
                      },
                      "required": [
                        "kind",
                        "mergeAction"
                      ]
                    }
                  ]
                },
                "permissions": {
                  "default": {},
                  "additionalProperties": false,
                  "type": "object",
                  "properties": {}
                },
                "injectors": {
                  "default": {},
                  "additionalProperties": false,
                  "type": "object",
                  "properties": {}
                },
                "monitorings": {
                  "default": {},
                  "additionalProperties": false,
                  "type": "object",
                  "properties": {
                    "log": {
                      "default": {},
                      "additionalProperties": false,
                      "type": "object",
                      "properties": {
                        "enabled": {
                          "default": true,
                          "type": "boolean"
                        },
                        "multiLineParser": {
                          "default": "",
                          "anyOf": [
                            {
                              "const": "",
                              "type": "string"
                            },
                            {
                              "const": "peak_multiline_java",
                              "type": "string"
                            }
                          ]
                        }
                      },
                      "required": [
                        "enabled",
                        "multiLineParser"
                      ]
                    }
                  },
                  "required": [
                    "log"
                  ]
                },
                "topologySpread": {
                  "default": [
                    {
                      "matchLabelKeys": [
                        "pod-template-hash"
                      ],
                      "maxSkew": 1,
                      "minDomains": 1,
                      "nodeAffinityPolicy": "Honor",
                      "nodeTaintsPolicy": "Honor",
                      "topologyKey": "topology.kubernetes.io/zone",
                      "whenUnsatisfiable": "DoNotSchedule"
                    }
                  ],
                  "type": "array",
                  "items": {
                    "anyOf": [
                      {
                        "default": {},
                        "additionalProperties": false,
                        "type": "object",
                        "properties": {
                          "matchLabelKeys": {
                            "default": [
                              "pod-template-hash"
                            ],
                            "type": "array",
                            "items": {
                              "type": "string"
                            }
                          },
                          "maxSkew": {
                            "default": 1,
                            "minimum": 1,
                            "type": "number"
                          },
                          "minDomains": {
                            "default": 1,
                            "minimum": 0,
                            "type": "number"
                          },
                          "nodeAffinityPolicy": {
                            "default": "Honor",
                            "anyOf": [
                              {
                                "const": "Honor",
                                "type": "string"
                              },
                              {
                                "const": "Ignore",
                                "type": "string"
                              }
                            ]
                          },
                          "nodeTaintsPolicy": {
                            "default": "Honor",
                            "anyOf": [
                              {
                                "const": "Honor",
                                "type": "string"
                              },
                              {
                                "const": "Ignore",
                                "type": "string"
                              }
                            ]
                          },
                          "topologyKey": {
                            "anyOf": [
                              {
                                "const": "kubernetes.io/hostname",
                                "type": "string"
                              },
                              {
                                "const": "topology.kubernetes.io/zone",
                                "type": "string"
                              },
                              {
                                "const": "topology.kubernetes.io/region",
                                "type": "string"
                              }
                            ]
                          },
                          "whenUnsatisfiable": {
                            "default": "DoNotSchedule",
                            "const": "DoNotSchedule",
                            "type": "string"
                          }
                        },
                        "required": [
                          "matchLabelKeys",
                          "maxSkew",
                          "minDomains",
                          "nodeAffinityPolicy",
                          "nodeTaintsPolicy",
                          "topologyKey",
                          "whenUnsatisfiable"
                        ]
                      },
                      {
                        "default": {},
                        "additionalProperties": false,
                        "type": "object",
                        "properties": {
                          "matchLabelKeys": {
                            "default": [
                              "pod-template-hash"
                            ],
                            "type": "array",
                            "items": {
                              "type": "string"
                            }
                          },
                          "maxSkew": {
                            "default": 1,
                            "minimum": 1,
                            "type": "number"
                          },
                          "nodeAffinityPolicy": {
                            "default": "Honor",
                            "anyOf": [
                              {
                                "const": "Honor",
                                "type": "string"
                              },
                              {
                                "const": "Ignore",
                                "type": "string"
                              }
                            ]
                          },
                          "nodeTaintsPolicy": {
                            "default": "Honor",
                            "anyOf": [
                              {
                                "const": "Honor",
                                "type": "string"
                              },
                              {
                                "const": "Ignore",
                                "type": "string"
                              }
                            ]
                          },
                          "topologyKey": {
                            "anyOf": [
                              {
                                "const": "kubernetes.io/hostname",
                                "type": "string"
                              },
                              {
                                "const": "topology.kubernetes.io/zone",
                                "type": "string"
                              },
                              {
                                "const": "topology.kubernetes.io/region",
                                "type": "string"
                              }
                            ]
                          },
                          "whenUnsatisfiable": {
                            "default": "ScheduleAnyway",
                            "const": "ScheduleAnyway",
                            "type": "string"
                          }
                        },
                        "required": [
                          "matchLabelKeys",
                          "maxSkew",
                          "nodeAffinityPolicy",
                          "nodeTaintsPolicy",
                          "topologyKey",
                          "whenUnsatisfiable"
                        ]
                      }
                    ]
                  }
                },
                "scheduling": {
                  "default": {},
                  "additionalProperties": false,
                  "type": "object",
                  "properties": {
                    "podDisruptionBudget": {
                      "default": {},
                      "additionalProperties": false,
                      "type": "object",
                      "properties": {
                        "minAvailable": {
                          "anyOf": [
                            {
                              "minimum": 0,
                              "default": 1,
                              "type": "number"
                            },
                            {
                              "type": "string"
                            }
                          ]
                        },
                        "maxUnavailable": {
                          "default": null,
                          "anyOf": [
                            {
                              "type": "number"
                            },
                            {
                              "type": "string"
                            },
                            {
                              "type": "null"
                            }
                          ]
                        }
                      },
                      "required": [
                        "minAvailable",
                        "maxUnavailable"
                      ]
                    }
                  },
                  "required": [
                    "podDisruptionBudget"
                  ]
                },
                "readinessGate": {
                  "anyOf": [
                    {
                      "default": {},
                      "additionalProperties": false,
                      "type": "object",
                      "properties": {
                        "enabled": {
                          "default": false,
                          "const": false,
                          "type": "boolean"
                        }
                      },
                      "required": [
                        "enabled"
                      ]
                    },
                    {
                      "default": {},
                      "additionalProperties": false,
                      "type": "object",
                      "properties": {
                        "enabled": {
                          "default": true,
                          "const": true,
                          "type": "boolean"
                        },
                        "sleepSeconds": {
                          "type": "number"
                        }
                      },
                      "required": [
                        "enabled",
                        "sleepSeconds"
                      ]
                    }
                  ],
                  "discriminator": "enabled"
                }
              },
              "required": [
                "kind",
                "metadata",
                "replicas",
                "automountServiceAccountToken",
                "terminationGracePeriodSeconds",
                "initContainers",
                "nativeSidecarContainers",
                "containers",
                "secrets",
                "strategy",
                "permissions",
                "injectors",
                "monitorings",
                "topologySpread",
                "scheduling",
                "readinessGate"
              ]
            }
          },
          "required": [
            "matchmaking"
          ]
        },
        "statefulsets": {
          "default": {},
          "additionalProperties": false,
          "type": "object",
          "properties": {}
        },
        "rollouts": {
          "default": {},
          "additionalProperties": false,
          "type": "object",
          "properties": {}
        },
        "daemonsets": {
          "default": {},
          "additionalProperties": false,
          "type": "object",
          "properties": {}
        },
        "cronjobs": {
          "default": {},
          "additionalProperties": false,
          "type": "object",
          "properties": {}
        },
        "jobs": {
          "default": {},
          "additionalProperties": false,
          "type": "object",
          "properties": {}
        }
      },
      "required": [
        "deployments",
        "statefulsets",
        "rollouts",
        "daemonsets",
        "cronjobs",
        "jobs"
      ]
    },
    "ingresses": {
      "default": {},
      "additionalProperties": false,
      "type": "object",
      "properties": {
        "nginxes": {
          "default": {},
          "additionalProperties": false,
          "type": "object",
          "properties": {
            "loadbalancer": {
              "default": {},
              "additionalProperties": false,
              "type": "object",
              "properties": {
                "hostname": {
                  "type": "string"
                },
                "configurationSnippet": {
                  "default": "",
                  "type": "string"
                },
                "proxy": {
                  "default": {},
                  "additionalProperties": false,
                  "type": "object",
                  "properties": {
                    "bodySize": {
                      "default": 1,
                      "type": "number"
                    },
                    "timeouts": {
                      "default": {},
                      "additionalProperties": false,
                      "type": "object",
                      "properties": {
                        "connectSeconds": {
                          "default": 60,
                          "type": "number"
                        },
                        "sendSeconds": {
                          "default": 60,
                          "type": "number"
                        },
                        "readSeconds": {
                          "default": 60,
                          "type": "number"
                        }
                      },
                      "required": [
                        "connectSeconds",
                        "sendSeconds",
                        "readSeconds"
                      ]
                    }
                  },
                  "required": [
                    "bodySize",
                    "timeouts"
                  ]
                },
                "stickySession": {
                  "default": {},
                  "additionalProperties": false,
                  "type": "object",
                  "properties": {
                    "enabled": {
                      "default": false,
                      "type": "boolean"
                    },
                    "mode": {
                      "default": "balanced",
                      "anyOf": [
                        {
                          "const": "persistent",
                          "type": "string"
                        },
                        {
                          "const": "balanced",
                          "type": "string"
                        }
                      ]
                    },
                    "duration": {
                      "default": 86400,
                      "type": "number"
                    }
                  },
                  "required": [
                    "enabled",
                    "mode",
                    "duration"
                  ]
                }
              },
              "required": [
                "hostname",
                "configurationSnippet",
                "proxy",
                "stickySession"
              ]
            }
          },
          "required": [
            "loadbalancer"
          ]
        },
        "albs": {
          "default": {},
          "additionalProperties": false,
          "type": "object",
          "properties": {}
        }
      },
      "required": [
        "nginxes",
        "albs"
      ]
    },
    "services": {
      "default": {},
      "additionalProperties": false,
      "type": "object",
      "properties": {
        "natives": {
          "default": {},
          "additionalProperties": false,
          "type": "object",
          "properties": {
            "matchmaking": {
              "default": {},
              "additionalProperties": false,
              "type": "object",
              "properties": {
                "ports": {
                  "default": {},
                  "additionalProperties": false,
                  "type": "object",
                  "properties": {
                    "http": {
                      "default": {},
                      "additionalProperties": false,
                      "type": "object",
                      "properties": {
                        "name": {
                          "type": "string"
                        },
                        "port": {
                          "minimum": 1,
                          "maximum": 65535,
                          "type": "number"
                        },
                        "targetPort": {
                          "minimum": 1,
                          "maximum": 65535,
                          "type": "number"
                        },
                        "protocol": {
                          "default": "TCP",
                          "anyOf": [
                            {
                              "const": "TCP",
                              "type": "string"
                            },
                            {
                              "const": "UDP",
                              "type": "string"
                            }
                          ]
                        }
                      },
                      "required": [
                        "name",
                        "port",
                        "targetPort",
                        "protocol"
                      ]
                    }
                  },
                  "required": [
                    "http"
                  ]
                },
                "monitorings": {
                  "default": {},
                  "additionalProperties": false,
                  "type": "object",
                  "properties": {}
                }
              },
              "required": [
                "ports",
                "monitorings"
              ]
            }
          },
          "required": [
            "matchmaking"
          ]
        },
        "nlbs": {
          "default": {},
          "additionalProperties": false,
          "type": "object",
          "properties": {}
        }
      },
      "required": [
        "natives",
        "nlbs"
      ]
    },
    "storages": {
      "default": {},
      "additionalProperties": false,
      "type": "object",
      "properties": {}
    }
  },
  "required": [
    "namespace",
    "serviceGroup",
    "serviceEnv",
    "workloads",
    "ingresses",
    "services",
    "storages"
  ]
}