{
  "ingresses": {
    "albs": {},
    "nginxes": {
      "loadbalancer": {
        "configurationSnippet": "",
        "hostname": "matchmaking-dev.peak.com",
        "proxy": {
          "bodySize": 1,
          "timeouts": {
            "connectSeconds": 60,
            "readSeconds": 60,
            "sendSeconds": 60
          }
        },
        "stickySession": {
          "duration": 86400,
          "enabled": false,
          "mode": "balanced"
        }
      }
    }
  },
  "namespace": "toon",
  "serviceEnv": "test",
  "serviceGroup": "matchmaking",
  "services": {
    "natives": {
      "matchmaking": {
        "monitorings": {},
        "ports": {
          "http": {
            "name": "http",
            "port": 11888,
            "protocol": "TCP",
            "targetPort": 8888
          }
        }
      }
    },
    "nlbs": {}
  },
  "storages": {},
  "workloads": {
    "cronjobs": {},
    "daemonsets": {},
    "deployments": {
      "matchmaking": {
        "automountServiceAccountToken": true,
        "containers": {
          "matchmaking": {
            "envs": {
              "GAME_NAME": "toyblast"
            },
            "image": "matchmaking:1.2.3",
            "imagePullPolicy": "IfNotPresent",
            "kind": "container",
            "liveness": {
              "failureThreshold": 3,
              "initialDelaySeconds": 0,
              "periodSeconds": 10,
              "probe": {
                "httpPath": "/live",
                "kind": "http",
                "mergeAction": "overwrite",
                "port": 8888
              },
              "successThreshold": 1,
              "timeoutSeconds": 1
            },
            "ports": {
              "http": {
                "name": "http",
                "port": 8888,
                "protocol": "TCP"
              }
            },
            "readiness": {
              "failureThreshold": 3,
              "initialDelaySeconds": 0,
              "periodSeconds": 10,
              "probe": {
                "httpPath": "/ready",
                "kind": "http",
                "mergeAction": "overwrite",
                "port": 8888
              },
              "successThreshold": 1,
              "timeoutSeconds": 1
            },
            "resources": {
              "cpu": {
                "limitMilliCPU": 500,
                "requestMilliCPU": 100
              },
              "memory": {
                "limitMiB": 1024,
                "requestMiB": 512
              }
            },
            "secretEnvs": {},
            "startup": {
              "failureThreshold": 3,
              "initialDelaySeconds": 0,
              "periodSeconds": 10,
              "probe": {
                "httpPath": "/start",
                "kind": "http",
                "mergeAction": "overwrite",
                "port": 8888
              },
              "successThreshold": 1,
              "timeoutSeconds": 1
            }
          }
        },
        "initContainers": {},
        "injectors": {},
        "kind": "deployment",
        "metadata": {
          "labels": {}
        },
        "monitorings": {
          "log": {
            "enabled": true,
            "multiLineParser": ""
          }
        },
        "nativeSidecarContainers": {},
        "permissions": {},
        "readinessGate": {
          "enabled": false
        },
        "replicas": 2,
        "scheduling": {
          "podDisruptionBudget": {
            "maxUnavailable": null,
            "minAvailable": 1
          }
        },
        "secrets": {},
        "strategy": {
          "kind": "rollingupdate",
          "mergeAction": "overwrite",
          "rollingUpdate": {
            "maxSurge": "25%",
            "maxUnavailable": "25%"
          }
        },
        "terminationGracePeriodSeconds": 30,
        "topologySpread": [
          {
            "matchLabelKeys": [
              "pod-template-hash"
            ],
            "maxSkew": 1,
            "minDomains": 1,
            "nodeAffinityPolicy": "Honor",
            "nodeTaintsPolicy": "Honor",
            "topologyKey": "topology.kubernetes.io/zone",
            "whenUnsatisfiable": "DoNotSchedule"
          }
        ]
      }
    },
    "jobs": {},
    "rollouts": {},
    "statefulsets": {}
  }
}